# ID	Score
NC_000010.11:g.60208220G>A	0.999
NC_000021.9:g.46003595C>T	0.102
NC_000011.10:g.126021374C>T	0.012
NC_000003.12:g.14139250C>T	0.192
NC_000023.11:g.154187939C>A	0.088
NC_000006.12:g.129314655G>A	0.048
NC_000011.10:g.2570727T>C	0.999
NC_000023.11:g.71377696C>G	0.021
NC_000019.10:g.41422309C>G	0.999
NC_000002.12:g.37232165C>G	0.033
NC_000015.10:g.41396534C>T	0.735
NC_000006.12:g.160707713C>T	0.012
NC_000002.12:g.70935956T>C	0.98
NC_000008.11:g.3142485C>T	1.0
NC_000017.11:g.42787485G>A	0.94
NC_000003.12:g.30650316C>T	0.859
NC_000009.12:g.108916228C>T	0.04
NC_000019.10:g.10786672G>A	0.997
NC_000007.14:g.142094801C>T	1.0
NC_000001.11:g.248100004T>A	0.996
NC_000006.12:g.32847198T>C	0.0
NC_000018.10:g.45063547C>A	0.059
NC_000002.12:g.218812250C>T	0.0
NC_000011.10:g.1621648G>A	0.039
NC_000007.14:g.44188923C>T	0.003
NC_000001.11:g.202123034G>A	0.0
NC_000005.10:g.174046877C>T	0.999
NC_000017.11:g.47945943T>C	1.0
NC_000002.12:g.84634571G>A	1.0
NC_000022.11:g.30615623G>C	0.0
NC_000018.10:g.55228988G>A	1.0
NC_000007.14:g.100641038G>A	0.748
NC_000013.11:g.32337279T>G	0.086
NC_000023.11:g.154837686G>A	1.0
NC_000001.11:g.94098927C>T	0.977
NC_000013.11:g.32356521T>C	1.0
NC_000013.11:g.20222886A>T	0.998
NC_000010.11:g.92613045C>G	1.0
NC_000009.12:g.34648859G>C	0.007
NC_000019.10:g.3771588G>A	1.0
NC_000010.11:g.14934728G>C	1.0
NC_000007.14:g.150947004T>C	0.327
NC_000011.10:g.71435749G>A	0.998
NC_000011.10:g.49982045G>A	1.0
NC_000002.12:g.223959767C>T	0.623
NC_000011.10:g.61955780G>C	1.0
NC_000005.10:g.148095823A>G	0.0
NC_000023.11:g.108582921G>A	1.0
NC_000001.11:g.237456642G>A	0.452
NC_000004.12:g.6291218G>A	0.007
NC_000011.10:g.64757862C>A	0.125
NC_000006.12:g.75914821G>A	0.998
NC_000011.10:g.17533258T>C	0.686
NC_000023.11:g.129569369C>G	1.0
NC_000019.10:g.38386100C>T	0.687
NC_000003.12:g.46357717G>A	0.129
NC_000023.11:g.35802494G>A	0.219
NC_000006.12:g.63788162T>A	0.831
NC_000023.11:g.19588683T>C	0.989
NC_000011.10:g.77201591A>T	0.001
NC_000021.9:g.45992791G>A	0.942
NC_000023.11:g.41473977C>G	0.999
NC_000006.12:g.158192003T>C	0.989
NC_000018.10:g.31524877A>G	0.67
NC_000021.9:g.46334635G>A	0.622
NC_000020.11:g.57562111G>A	0.996
NC_000004.12:g.73419613G>A	0.274
NC_000011.10:g.6394204G>T	0.997
NC_000019.10:g.7170561T>C	0.022
NC_000023.11:g.56565362C>T	0.026
NC_000003.12:g.52222131C>T	0.543
NC_000003.12:g.38726809T>C	0.17
NC_000020.11:g.46725352G>T	0.003
NC_000023.11:g.71223879C>T	0.986
NC_000018.10:g.3457606C>T	0.919
NC_000003.12:g.58078783A>C	0.994
NC_000023.11:g.32217032G>A	0.54
NC_000016.10:g.3249705C>T	0.0
NC_000022.11:g.33277139C>T	0.982
NC_000023.11:g.46500690C>T	0.99
NC_000023.11:g.154993044G>A	1.0
NC_000007.14:g.150958407C>T	0.025
NC_000017.11:g.41756202T>C	0.001
NC_000018.10:g.9117901G>A	0.197
NC_000023.11:g.38401404C>G	0.741
NC_000007.14:g.65974686C>T	0.91
NC_000006.12:g.107459275C>G	0.005
NC_000015.10:g.89601553A>C	0.651
NC_000001.11:g.11016874C>T	0.688
NC_000022.11:g.29489027G>A	0.993
NC_000019.10:g.41414125C>T	0.806
NC_000015.10:g.45144212A>G	0.823
NC_000012.12:g.131915912C>G	0.635
NC_000010.11:g.114473099C>T	0.999
NC_000017.11:g.75523332C>T	0.935
NC_000023.11:g.53409120C>T	1.0
NC_000003.12:g.38566498C>T	0.99
NC_000023.11:g.38403640G>T	0.999
NC_000007.14:g.150958206T>G	0.4
NC_000006.12:g.75914186A>G	0.646
NC_000003.12:g.38551208T>C	0.999
NC_000007.14:g.150947671G>A	0.0
NC_000003.12:g.158690243G>A	0.498
NC_000005.10:g.147831542C>G	0.164
NC_000011.10:g.6618820G>A	0.332
NC_000012.12:g.57764487G>A	0.998
NC_000011.10:g.639830T>G	0.445
NC_000021.9:g.34449520C>T	0.003
NC_000023.11:g.43949839C>A	0.993
NC_000001.11:g.184795563G>A	0.09
NC_000011.10:g.47332645A>C	1.0
NC_000010.11:g.30349161C>A	0.874
NC_000009.12:g.114406753A>G	0.0
NC_000023.11:g.154030623G>A	0.0
NC_000007.14:g.148147545T>C	0.102
NC_000013.11:g.50945445G>A	0.924
NC_000017.11:g.73196592C>T	0.085
NC_000007.14:g.151186411G>A	0.817
NC_000002.12:g.202555989G>A	0.0
NC_000007.14:g.107702038G>A	0.945
NC_000001.11:g.215817137C>T	0.073
NC_000010.11:g.12769686T>C	1.0
NC_000021.9:g.46411952G>A	0.013
NC_000013.11:g.32363237G>T	1.0
NC_000001.11:g.75732652G>A	0.683
NC_000012.12:g.48004297T>A	0.0
NC_000016.10:g.46697521A>C	0.973
NC_000007.14:g.117590355C>A	1.0
NC_000022.11:g.46335774T>G	0.001
NC_000017.11:g.43045691T>G	0.019
NC_000002.12:g.71682597C>T	0.999
NC_000022.11:g.37771699T>C	0.918
NC_000001.11:g.23854472T>C	0.0
NC_000012.12:g.9094987C>T	0.001
NC_000018.10:g.46569606C>A	0.863
NC_000006.12:g.65335034T>C	0.086
NC_000003.12:g.128481270G>A	1.0
NC_000007.14:g.150948512G>A	0.762
NC_000008.11:g.38426158C>T	0.995
NC_000011.10:g.121118626A>G	0.0
NC_000023.11:g.73213436G>A	0.767
NC_000003.12:g.49357401G>A	0.786
NC_000006.12:g.44303398C>T	0.0
NC_000019.10:g.55858465G>A	1.0
NC_000007.14:g.150974822A>C	1.0
NC_000007.14:g.129485630C>T	0.5
NC_000023.11:g.37010908C>T	0.009
NC_000019.10:g.42224969C>T	0.005
NC_000017.11:g.64896129G>A	0.231
NC_000001.11:g.15930681G>A	0.815
NC_000010.11:g.26066977G>A	0.0
NC_000021.9:g.34449552G>A	0.148
NC_000001.11:g.100216031A>G	0.003
NC_000002.12:g.189068016G>A	0.0
NC_000006.12:g.32079050G>A	1.0
NC_000009.12:g.99146553A>G	0.999
NC_000002.12:g.74462912G>A	0.007
NC_000002.12:g.218753115G>A	0.997
NC_000004.12:g.42893406C>T	0.027
NC_000003.12:g.38560407C>T	1.0
NC_000011.10:g.116820918C>A	0.019
NC_000016.10:g.177101C>T	0.012
NC_000023.11:g.154563602G>A	0.999
NC_000003.12:g.121993958G>C	0.001
NC_000002.12:g.166311728T>C	0.177
NC_000012.12:g.21178955T>A	0.93
NC_000010.11:g.26174114A>T	0.001
NC_000010.11:g.71779376T>C	0.986
NC_000014.9:g.91313907G>C	0.019
NC_000008.11:g.116854372G>A	0.966
NC_000001.11:g.159205564G>A	0.0
NC_000005.10:g.24509777C>T	0.822
NC_000017.11:g.63947082C>T	0.998
NC_000018.10:g.2925361C>T	0.085
NC_000001.11:g.196715679T>C	0.999
NC_000002.12:g.127050470T>C	0.997
NC_000015.10:g.89317531A>C	0.852
NC_000008.11:g.58496605T>A	0.996
NC_000016.10:g.75479308T>C	1.0
NC_000023.11:g.153740599C>A	0.991
NC_000001.11:g.216048620T>C	0.011
NC_000001.11:g.197143408T>G	0.254
NC_000014.9:g.50595580T>G	1.0
NC_000012.12:g.132673664G>C	1.0
NC_000023.11:g.111410133C>G	0.996
NC_000010.11:g.26193228A>G	0.039
NC_000015.10:g.73368164C>T	0.0
NC_000006.12:g.64307042A>T	0.995
NC_000004.12:g.6301953A>G	0.024
NC_000009.12:g.36218225C>T	0.998
NC_000006.12:g.129192705T>A	0.952
NC_000002.12:g.47410320A>G	1.0
NC_000012.12:g.4912054A>G	0.313
NC_000023.11:g.153906059G>T	0.935
NC_000002.12:g.224506931G>A	0.327
NC_000002.12:g.169497628G>A	0.938
NC_000011.10:g.71435575C>T	1.0
NC_000001.11:g.215671121G>C	0.006
NC_000019.10:g.38930634T>C	0.0
NC_000023.11:g.136346516A>T	0.277
NC_000006.12:g.80167699C>T	0.992
NC_000002.12:g.47800474C>G	0.541
NC_000018.10:g.44952641G>A	0.014
NC_000009.12:g.133352593C>G	0.852
NC_000005.10:g.177211505G>C	0.277
NC_000006.12:g.161360193C>T	0.09
NC_000005.10:g.132575823G>A	0.79
NC_000007.14:g.144187764C>T	0.255
NC_000023.11:g.118826332A>G	0.127
NC_000002.12:g.189068038G>A	0.01
NC_000004.12:g.3492873A>G	0.05
NC_000016.10:g.11553578G>C	0.733
NC_000021.9:g.46119046G>A	0.0
NC_000007.14:g.24699183A>T	0.989
NC_000011.10:g.126277108A>G	0.73
NC_000013.11:g.32379897A>G	0.005
NC_000001.11:g.11795161A>G	0.999
NC_000002.12:g.197487080C>G	0.981
NC_000002.12:g.113957432C>T	0.935
NC_000012.12:g.123758010A>G	0.0
NC_000001.11:g.215650602G>T	0.081
NC_000017.11:g.56594838G>C	0.983
NC_000019.10:g.41342209A>G	0.955
NC_000012.12:g.122273008G>A	0.999
NC_000017.11:g.14159934C>T	0.432
NC_000005.10:g.132579882C>T	0.519
NC_000023.11:g.53537656G>A	0.992
NC_000007.14:g.107661643T>C	0.034
NC_000021.9:g.46416739C>T	0.0
NC_000014.9:g.73950133G>A	0.0
NC_000005.10:g.90629517A>C	0.998
NC_000011.10:g.89178183G>A	0.997
NC_000001.11:g.215674202C>T	0.09
NC_000011.10:g.69818917A>G	0.005
NC_000006.12:g.44302438C>T	0.177
NC_000015.10:g.89667102G>A	0.998
NC_000015.10:g.67165023C>T	0.999
NC_000011.10:g.13492453C>A	0.098
NC_000003.12:g.87276392G>A	1.0
NC_000007.14:g.24285260T>C	0.0
NC_000006.12:g.129402394C>T	0.432
NC_000007.14:g.107710182G>A	0.0
NC_000002.12:g.178785999C>A	0.003
NC_000013.11:g.32370513G>A	0.975
NC_000014.9:g.23430949A>C	0.055
NC_000007.14:g.150951484C>T	0.98
NC_000011.10:g.128839231A>G	0.041
NC_000008.11:g.93799678C>T	0.0
NC_000007.14:g.30912043C>T	0.01
NC_000005.10:g.90653788C>T	1.0
NC_000006.12:g.52053189G>C	0.001
NC_000017.11:g.63941984A>C	1.0
NC_000002.12:g.196319801G>T	0.266
NC_000001.11:g.100216040T>C	0.0
NC_000009.12:g.108917660T>C	0.669
NC_000011.10:g.17387083C>T	0.009
NC_000001.11:g.45014017C>T	0.949
NC_000011.10:g.72108672G>A	0.005
NC_000013.11:g.32379379G>C	0.998
NC_000021.9:g.46427705G>C	0.087
NC_000016.10:g.681468A>T	0.994
NC_000019.10:g.41341955G>A	0.745
NC_000008.11:g.64596755A>T	0.938
NC_000015.10:g.72346662T>C	0.003
NC_000006.12:g.169769610T>A	0.92
NC_000023.11:g.153725709A>G	1.0
NC_000017.11:g.63942988T>C	0.0
NC_000017.11:g.30249058T>C	0.0
NC_000003.12:g.179199740G>A	0.997
NC_000011.10:g.108247072G>A	0.996
NC_000007.14:g.107683500A>G	0.139
NC_000019.10:g.50217692G>A	0.719
NC_000005.10:g.177994231G>A	0.995
NC_000012.12:g.42469523C>T	1.0
NC_000004.12:g.88007816G>C	0.011
NC_000019.10:g.12810323C>T	1.0
NC_000023.11:g.77682661G>C	0.0
NC_000020.11:g.63406699G>A	0.999
NC_000022.11:g.50523636G>A	0.088
NC_000009.12:g.2039793A>C	0.0
NC_000017.11:g.80117606G>A	0.003
NC_000005.10:g.149896500T>G	0.396
NC_000001.11:g.7977728G>C	0.003
NC_000010.11:g.98420094T>C	0.003
NC_000009.12:g.127481185A>G	0.953
NC_000016.10:g.8811674C>T	0.558
NC_000018.10:g.45626988G>T	0.999
NC_000001.11:g.240208360G>A	0.961
NC_000011.10:g.119097048T>C	0.0
NC_000003.12:g.184143455A>G	0.06
NC_000005.10:g.41159178C>A	1.0
NC_000012.12:g.2585485C>T	0.998
NC_000001.11:g.10337518T>C	0.996
NC_000010.11:g.101010521T>C	0.807
NC_000009.12:g.132329729T>G	0.53
NC_000006.12:g.51632721C>T	0.015
NC_000003.12:g.10142080A>G	0.851
NC_000016.10:g.3731844G>T	0.575
NC_000009.12:g.128946082G>C	0.998
NC_000001.11:g.158717751C>T	0.885
NC_000017.11:g.14076859C>T	0.662
NC_000011.10:g.5226683C>T	0.01
NC_000022.11:g.16799801G>A	0.006
NC_000002.12:g.181678271G>T	0.246
NC_000013.11:g.32333028A>G	0.0
NC_000012.12:g.49054680C>T	0.001
NC_000005.10:g.7891393C>G	0.97
NC_000015.10:g.90749446T>A	0.987
NC_000006.12:g.51847961T>C	0.989
NC_000017.11:g.63968091G>A	0.042
NC_000023.11:g.32411823A>C	0.0
NC_000023.11:g.43949899G>A	0.995
NC_000008.11:g.104424247C>A	0.991
NC_000020.11:g.5302677A>C	0.951
NC_000001.11:g.25805163G>A	0.0
NC_000012.12:g.102894883T>A	1.0
NC_000010.11:g.100824726C>T	0.999
NC_000009.12:g.114478626C>T	0.541
NC_000022.11:g.50074276G>T	0.997
NC_000023.11:g.108601436G>T	0.001
NC_000005.10:g.148101392A>G	0.003
NC_000017.11:g.63963708T>C	0.0
NC_000021.9:g.46397333C>T	0.139
NC_000012.12:g.52515133T>C	0.0
NC_000019.10:g.36103502G>A	0.003
NC_000001.11:g.42929918G>A	0.993
NC_000006.12:g.7565494A>T	0.836
NC_000002.12:g.178768759T>A	0.839
NC_000022.11:g.37734465T>C	0.0
NC_000002.12:g.189053896G>A	0.972
NC_000021.9:g.42388518C>T	0.0
NC_000008.11:g.101599120C>T	0.996
NC_000009.12:g.130480404C>T	0.374
NC_000005.10:g.149980357G>A	1.0
NC_000005.10:g.71634977G>T	1.0
NC_000006.12:g.49447735C>T	0.017
NC_000021.9:g.46132295G>A	0.261
NC_000008.11:g.22119197T>C	0.0
NC_000012.12:g.21542505T>C	0.003
NC_000018.10:g.23556269G>A	0.284
NC_000014.9:g.23427716A>G	0.572
NC_000023.11:g.71223830G>C	0.963
NC_000012.12:g.123756823G>A	0.199
NC_000021.9:g.31667320A>G	0.324
NC_000016.10:g.29798640C>T	1.0
NC_000007.14:g.107675060T>A	0.892
NC_000009.12:g.114403966A>G	0.029
NC_000019.10:g.43966820C>T	0.722
NC_000012.12:g.49039866C>T	0.097
NC_000012.12:g.5949823C>T	0.997
NC_000007.14:g.107362361A>G	0.0
NC_000016.10:g.89739285G>A	1.0
NC_000015.10:g.51215771G>A	0.02
NC_000003.12:g.132713165C>G	0.991
NC_000011.10:g.6390705T>C	0.0
NC_000013.11:g.32339667G>A	0.072
NC_000023.11:g.139561592C>T	0.013
NC_000023.11:g.56565398C>T	0.0
NC_000017.11:g.43051068G>A	0.996
NC_000003.12:g.150972567T>C	0.996
NC_000006.12:g.32832635C>T	0.031
NC_000012.12:g.49963495A>G	0.015
NC_000006.12:g.49435569T>C	0.012
NC_000022.11:g.24095967C>A	0.805
NC_000002.12:g.55684985T>C	0.005
NC_000019.10:g.46756391C>T	0.997
NC_000005.10:g.60898322T>C	0.994
NC_000003.12:g.193648109A>G	0.999
NC_000007.14:g.150947371C>T	0.161
NC_000015.10:g.72351215T>G	1.0
NC_000001.11:g.215934786T>C	0.592
NC_000005.10:g.128393315T>C	0.0
NC_000011.10:g.78112745C>T	1.0
NC_000005.10:g.115813232C>T	1.0
NC_000011.10:g.70206161T>G	0.993
NC_000011.10:g.36573771C>T	0.978
NC_000006.12:g.32039109G>A	0.003
NC_000002.12:g.47476435G>C	1.0
NC_000011.10:g.66871781T>A	0.995
NC_000019.10:g.49932683C>T	0.027
NC_000007.14:g.103553798A>C	0.997
NC_000009.12:g.134796855A>G	0.001
NC_000015.10:g.42389001G>A	0.0
NC_000003.12:g.149210226A>G	0.996
NC_000007.14:g.150947827G>A	0.025
NC_000012.12:g.49037164T>C	0.0
NC_000020.11:g.46726312G>T	1.0
NC_000004.12:g.6300792G>A	0.0
NC_000013.11:g.32380044G>A	1.0
NC_000008.11:g.112337627C>T	1.0
NC_000019.10:g.40397621G>A	0.805
NC_000019.10:g.39507492G>T	0.902
NC_000015.10:g.73323445G>C	0.011
NC_000007.14:g.150951810C>G	0.998
NC_000009.12:g.108897159T>C	0.173
NC_000004.12:g.653912C>A	0.997
NC_000007.14:g.107701849T>G	0.0
NC_000006.12:g.79916739C>G	0.003
NC_000020.11:g.18524556G>T	0.718
NC_000004.12:g.177438806G>C	0.0
